Country,Population Density
Macao,21338
Monaco,17285
Singapore,8251
Hong Kong,6725
Gibraltar,4807
Bahrain,1909
Maldives,1746
Malta,1699
Sint Maarten,1301
Bermuda,1186
Bangladesh,1165
Guernsey,993
Jersey,964
Mayotte,913
Palestine,892
Taiwan,676
Mauritius,657
Barbados,654
Nauru,609
Saint Martin,605
Aruba,590
San Marino,552
Rwanda,535
South Korea,516
Lebanon,512
Vatican City,502
Saint Barthélemy,500
Burundi,476
Tuvalu,438
India,435
Curaçao,433
Netherlands,424
Haiti,423
Israel,416
Réunion,391
Philippines,391
Belgium,383
Comoros,381
Puerto Rico,368
Grenada,366
Martinique,337
Sri Lanka,334
Japan,326
Guam,320
El Salvador,303
Pakistan,302
Trinidad and Tobago,299
Vietnam,298
Saint Lucia,293
US Virgin Islands,285
United Kingdom,277
Saint Vincent and the Grenadines,267
Cayman Islands,263
Jamaica,257
Luxembourg,253
Liechtenstein,247
Gambia,246
Nigeria,242
Kuwait,242
Guadeloupe,242
São Tomé and Príncipe,241
Seychelles,236
Qatar,233
Germany,233
Dominican Republic,233
Marshall Islands,232
Malawi,221
American Samoa,221
North Korea,217
Antigua and Barbuda,213
Switzerland,213
Nepal,210
British Virgin Islands,209
Uganda,201
Italy,195
Kiribati,184
Saint Kitts and Nevis,183
Anguilla,175
Andorra,171
Guatemala,166
Micronesia,164
Togo,159
Tokelau,158
Kosovo,153
China,149
Cape Verde,148
Isle of Man,148
Indonesia,145
Tonga,144
Ghana,143
Thailand,140
Denmark,138
Cyprus,136
United Arab Emirates,134
Transnistria,134
Czech Republic,133
Poland,131
Jordan,127
Syria,125
Sierra Leone,122
Azerbaijan,120
Benin,119
Slovakia,118
France,117
Ethiopia,115
Egypt,112
Portugal,111
Turkey,110
Hungary,109
Northern Mariana Islands,109
Austria,107
Iraq,105
Slovenia,105
Malaysia,104
Costa Rica,102
Cuba,102
Moldova,102
Albania,99
Dominica,97
Honduras,94
Spain,94
Cambodia,94
Armenia,93
Kenya,93
East Timor,91
Senegal,90
Ivory Coast,90
Burkina Faso,86
Northern Cyprus,85
Morocco,85
French Polynesia,84
Romania,83
Caribbean Netherlands,83
North Macedonia,81
Wallis and Futuna,81
Serbia,81
Myanmar,81
Samoa,79
Brunei,78
Greece,78
Uzbekistan,78
Lesotho,77
Tunisia,76
Ireland,72
Cook Islands,72
Tajikistan,72
Tanzania,71
Croatia,71
Ecuador,71
Eswatini,70
Mexico,65
Yemen,65
Afghanistan,65
Bosnia and Herzegovina,63
Akrotiri and Dhekelia,62
Equatorial Guinea,61
Ukraine,61
Bulgaria,61
Cameroon,60
Antarctica,60
Guinea-Bissau,60
Panama,59
Guinea,58
Norfolk Island,57
Iran,55
Nicaragua,54
Georgia,53
Madagascar,52
Fiji,51
South Africa,49
Djibouti,49
Liberia,49
Turks and Caicos Islands,49
Belarus,46
Colombia,46
Montenegro,45
DR Congo,44
"Saint Helena, Ascension and Tristan da Cunha",43
Cocos (Keeling) Islands,43
Zimbabwe,43
Montserrat,43
Mozambique,42
Lithuania,42
Palau,39
Faroe Islands,38
United States,35
Kyrgyzstan,34
Laos,32
Artsakh,31
Venezuela,31
Eritrea,31
Bahamas,30
Angola,29
Somaliland,29
Estonia,29
Somalia,28
Latvia,28
Abkhazia,28
Vanuatu,27
Zambia,27
Sudan,27
Peru,27
Chile,26
Solomon Islands,26
Brazil,25
Sweden,24
Saint Pierre and Miquelon,24
Papua New Guinea,22
Niger,21
Bhutan,21
Uruguay,20
New Zealand,20
Algeria,19
Åland,19
Mali,19
Belize,18
Congo,18
Norway,17
Paraguay,17
South Sudan,17
Saudi Arabia,17
Finland,16
Argentina,16
South Ossetia,16
New Caledonia,15
Oman,15
Chad,14
Turkmenistan,13
Christmas Island,12
Bolivia,11
Central African Republic,9
Gabon,9
Russia,8
Niue,7
Kazakhstan,7
Mauritania,5
Botswana,5
Libya,4
Canada,4
Suriname,4
Guyana,4
French Guiana,4
Iceland,4
Australia,3
Namibia,3
Western Sahara,2
Mongolia,2
Pitcairn Islands,1
Falkland Islands,0.3
Svalbard,0.05
Jan Mayen,0.05
Greenland,0.03
